<?xml version="1.0" encoding="UTF-8"?>
<Window size="200,150" caption="0,0,0,35">
	<VBox bkcolor="bk_wnd_darkcolor">
		<HBox width="stretch" height="35" name="capture_caption" bkcolor="bk_wnd_lightcolor">
			<Control />
			<Button class="btn_wnd_min" name="minbtn" margin="4,6,0,0"/>
			<Box width="21" margin="4,6,0,0">
				<Button class="btn_wnd_max" name="maxbtn"/>
				<Button class="btn_wnd_restore" name="restorebtn" visible="false"/>
			</Box>
			<Button class="btn_wnd_close" name="closebtn" margin="4,6,8,0"/>
		</HBox>
		<Box name="capture_main_box">
			<Box margin="200,200,200,200" />
		</Box>
	</VBox>
</Window>