﻿<?xml version="1.0" encoding="UTF-8"?>
<Window size="1200,800" mininfo="800,500" caption="0,0,0,34" sizebox="4,4,4,4" textid="STRID_CEF_BROWSER_MULTI_TAB" shadowattached="false">
<VBox bkcolor="bk_wnd_lightcolor">
    <HBox class="caption" height="34">
        <Label class="font_title" name="title" width="stretch" valign="center" normaltextcolor="darkcolor" textid="STRID_CEF_BROWSER_MULTI_TAB" />
        <Control />
        <Button class="btn_wnd_min" name="minbtn" margin="10,6,0,0"/>
        <Button class="btn_wnd_max" name="btn_max_restore" margin="10,6,0,0"/>
        <Button class="btn_wnd_close" name="btn_close" margin="10,6,0,0"/>
    </HBox>

    <HBox height="30" margin="10,2,10,2" childmargin="3">
        <Button class="btn_global_blue_80x30" name="btn_back" width="50" height="30" textid="STRID_CEF_BROWSER_BACKWARD" valign="center" font="1" />
        <Button class="btn_global_blue_80x30" name="btn_forward" width="50" height="30" textid="STRID_CEF_BROWSER_FORWARD" valign="center" font="1" />
        <Button class="btn_global_blue_80x30" name="btn_refresh" width="50" height="30" textid="STRID_CEF_BROWSER_REFRESH" valign="center" font="1" />
        <RichEdit class="simple prompt" name="edit_url" width="400" height="30" padding="5,2,5,0" valign="center" 
        bordercolor="gray" bordersize="1" font="2" prompttextid="STRID_CEF_BROWSER_INPUT_ADDRESS" vscrollbar="false" autovscroll="false" hscrollbar="false" autohscroll="true" wantreturnmsg="true" />
		<!-- 顶部标签列表 -->
		<HListBox class="list" name="tab_list" >
			<Button class="btn_global_blue_80x30" name="btn_add" text="+" width="20" height="20" valign="center" font="3" />
		</HListBox>
    </HBox>
    <Control class="splitline_hor_level1" margin="0,0,0,0" />
	<!-- 浏览器盒子列表 -->
	<CustomTabBox name="browser_box_tab" bkcolor="white" padding="2,2,2,2"/>
</VBox>
</Window>